"player_id","player_name.x","SALARY","fantasy_points","Pos","Age","Tm","G","GS","MP","FG","FGA","FG.","X3P","X3PA","X3P.","X2P","X2PA","X2P.","eFG.","FT","FTA","FT.","ORB","DRB","TRB","AST","STL","BLK","TOV","PF","PTS","salaryPerPoints","predResponse"
"adamsst01","Steven Adams",3140517,1800.6,"C",23,"OKC",80,80,2389,374,655,0.571,0,1,0,374,654,0.572,0.571,157,257,0.611,281,332,613,86,89,78,146,195,905,1744.15028323892,"5638.23231277868"
"aldrila01","LaMarcus Aldridge",20575005,2029.1,"PF",31,"SAS",72,72,2335,500,1049,0.477,23,56,0.411,477,993,0.48,0.488,220,271,0.812,172,351,523,139,46,88,98,158,1243,10139.965994776,"9581.34937021542"
"aminual01","Al-Farouq Aminu",7680965,1239.7,"PF",26,"POR",61,25,1773,183,466,0.393,70,212,0.33,113,254,0.445,0.468,96,136,0.706,77,374,451,99,60,44,94,102,532,6195.82560296846,"10914.4582128293"
"anderky01","Kyle Anderson",1192080,702.1,"SF",23,"SAS",72,14,1020,93,209,0.445,15,40,0.375,78,169,0.462,0.481,45,57,0.789,33,175,208,91,51,26,39,63,246,1697.87779518587,"2037.54788937812"
"anderry01","Ryan Anderson",18735364,1383,"PF",28,"HOU",72,72,2116,323,773,0.418,204,506,0.403,119,267,0.446,0.55,129,150,0.86,112,218,330,68,31,14,55,142,979,13546.9009399855,"9327.72485619913"
"antetgi01","Giannis Antetokounmpo",2995421,3182,"SF",22,"MIL",80,80,2845,656,1259,0.521,49,180,0.272,607,1079,0.563,0.541,471,612,0.77,142,558,700,434,131,151,234,246,1832,941.364236329353,"6046.77863327004"
"anthoca01","Carmelo Anthony",24559380,2235.1,"SF",32,"NYK",74,74,2538,602,1389,0.433,151,421,0.359,451,968,0.466,0.488,304,365,0.833,62,376,438,213,60,34,153,198,1659,10988.0452776162,"10659.6240159143"
"arizatr01","Trevor Ariza",7806971,1916.1,"SF",31,"HOU",80,80,2773,326,798,0.409,191,555,0.344,135,243,0.556,0.528,93,126,0.738,54,404,458,175,147,20,73,133,936,4074.40686811753,"8041.89898765928"
"augusdj01","D.J. Augustin",7250000,912.9,"PG",29,"ORL",78,20,1538,195,517,0.377,95,274,0.347,100,243,0.412,0.469,131,161,0.814,15,102,117,209,31,1,90,101,616,7941.7241757038,"8288.25563102198"
"bareajo01","J.J. Barea",4096950,694.3,"PG",32,"DAL",35,6,771,142,343,0.414,53,148,0.358,89,195,0.456,0.491,44,51,0.863,9,75,84,193,14,1,63,30,381,5900.83537375774,"17949.0189801595"
"barneha02","Harrison Barnes",22116750,1980.8,"PF",24,"DAL",79,79,2803,599,1280,0.468,78,222,0.351,521,1058,0.492,0.498,242,281,0.861,93,301,394,116,65,15,102,128,1518,11165.5644184168,"4074.41690841961"
"bartowi01","Will Barton",3533333,1351.8,"SG",26,"DEN",60,19,1705,295,666,0.443,87,235,0.37,208,431,0.483,0.508,143,190,0.753,58,201,259,206,48,28,97,110,820,2613.7986388519,"11003.663078615"
"batumni01","Nicolas Batum",20869566,2218.2,"SG",28,"CHO",77,77,2617,393,975,0.403,135,405,0.333,258,570,0.453,0.472,243,284,0.856,46,435,481,456,86,29,194,109,1164,9408.33378414931,"9105.03383716957"
"bazemke01","Kent Bazemore",15730338,1385.7,"SF",27,"ATL",73,64,1963,295,721,0.409,92,266,0.346,203,455,0.446,0.473,119,168,0.708,45,186,231,177,91,52,125,165,801,11351.9073392509,"9153.06156689047"
"bealbr01","Bradley Beal",22116750,2237.5,"SG",23,"WAS",77,77,2684,637,1322,0.482,223,552,0.404,414,770,0.538,0.566,282,342,0.825,53,187,240,267,83,21,156,169,1779,9884.58100558659,"5219.08290157398"
"beaslma01","Malik Beasley",1627320,117.9,"SG",20,"DEN",22,1,165,33,73,0.452,9,28,0.321,24,45,0.533,0.514,8,10,0.8,5,12,17,11,7,0,8,10,83,13802.5445292621,"26849.2868332954"
"belinma01","Marco Belinelli",6333333,1100.1,"SG",30,"CHO",74,0,1778,264,615,0.429,102,283,0.36,162,332,0.488,0.512,150,168,0.893,14,164,178,147,44,9,70,90,780,5757.05208617398,"9400.1025331544"
"bembrde01","DeAndre' Bembry",1499760,217.8,"SF",22,"ATL",38,1,371,47,98,0.48,1,18,0.056,46,80,0.575,0.485,6,16,0.375,14,45,59,28,8,5,16,21,101,6885.95041322314,"11892.869295289"
"bendedr01","Dragan Bender",4276320,332.1,"PF",19,"PHO",43,0,574,57,161,0.354,28,101,0.277,29,60,0.483,0.441,4,11,0.364,23,80,103,23,10,22,32,74,146,12876.603432701,"8457.88173763422"
"beverpa01","Patrick Beverley",6e+06,1607.1,"SG",28,"HOU",67,67,2058,228,543,0.42,110,288,0.382,118,255,0.463,0.521,73,95,0.768,95,298,393,281,99,25,100,222,639,3733.43289154377,"10898.0364502534"
"bjeline01","Nemanja Bjelica",3800000,830.3,"PF",28,"MIN",65,1,1190,151,356,0.424,56,177,0.316,95,179,0.531,0.503,45,61,0.738,57,187,244,79,40,20,59,154,403,4576.6590389016,"9447.49038562435"
"bledser01","Eric Bledsoe",1.4e+07,2033,"PG",27,"PHO",66,66,2176,449,1034,0.434,104,310,0.335,345,724,0.477,0.485,388,458,0.847,52,268,320,418,91,31,224,164,1390,6886.37481554353,"11337.6117906467"
"bookede01","Devin Booker",2223600,2004.8,"SG",20,"PHO",78,78,2730,606,1431,0.423,147,405,0.363,459,1026,0.447,0.475,367,441,0.832,46,203,249,268,72,21,241,242,1726,1109.13806863528,"3661.02013717684"
"bradlav01","Avery Bradley",8269663,1479.8,"SG",26,"BOS",55,55,1835,359,775,0.463,108,277,0.39,251,498,0.504,0.533,68,93,0.731,65,269,334,122,68,11,88,141,894,5588.36531963779,"9582.37721615304"
"brownja02","Jaylen Brown",4743000,828,"SF",20,"BOS",78,20,1341,192,423,0.454,46,135,0.341,146,288,0.507,0.508,85,124,0.685,45,175,220,64,35,18,68,142,515,5728.26086956522,"3146.12915817303"
"bullore01","Reggie Bullock",2255644,288.3,"SF",25,"DET",31,5,467,54,128,0.422,28,73,0.384,26,55,0.473,0.531,5,7,0.714,13,51,64,29,18,3,10,22,141,7823.94727714187,"19575.5048259508"
"burketr01","Trey Burke",3386598,453.4,"PG",24,"WAS",57,0,703,116,255,0.455,31,70,0.443,85,185,0.459,0.516,22,29,0.759,7,40,47,100,11,5,48,54,285,7469.33833259815,"7908.23398909427"
"burksal01","Alec Burks",10154495,423,"SG",25,"UTA",42,0,653,99,248,0.399,25,76,0.329,74,172,0.43,0.45,60,78,0.769,17,103,120,30,18,5,35,50,283,24005.8983451537,"10670.8845065686"
"butleji01","Jimmy Butler",17552209,2611.5,"SF",27,"CHI",76,75,2809,570,1252,0.455,91,248,0.367,479,1004,0.477,0.492,585,676,0.865,129,341,470,417,143,32,159,112,1816,6721.12157763737,"8399.14418826354"
"caldwke01","Kentavious Caldwell-Pope",3678319,1596.1,"SG",23,"DET",76,75,2529,370,928,0.399,153,437,0.35,217,491,0.442,0.481,154,185,0.832,55,193,248,193,89,12,86,118,1047,2304.56675646889,"5585.96664870383"
"carrode01","DeMarre Carroll",14200000,1152,"SF",30,"TOR",72,72,1882,220,550,0.4,109,320,0.341,111,230,0.483,0.499,89,117,0.761,63,212,275,74,81,27,54,143,638,12326.3888888889,"10802.8958506648"
"cartemi01","Michael Carter-Williams",3183526,648.1,"PG",25,"CHI",45,19,846,112,306,0.366,15,64,0.234,97,242,0.401,0.391,58,77,0.753,24,129,153,113,38,23,66,102,297,4912.0907267397,"9223.49498079698"
"cartevi01","Vince Carter",4264057,1111.9,"SF",40,"MEM",73,15,1799,193,490,0.394,112,296,0.378,81,194,0.418,0.508,88,115,0.765,36,191,227,133,60,36,50,163,586,3834.92850076446,"10508.6786148992"
"caulewi01","Willie Cauley-Stein",3551160,1161.8,"C",23,"SAC",75,21,1421,255,481,0.53,0,2,0,255,479,0.532,0.53,101,151,0.669,85,254,339,80,53,44,69,147,611,3056.60182475469,"2779.94445430907"
"chandwi01","Wilson Chandler",11233146,1787.5,"SF",29,"DEN",71,33,2197,433,939,0.461,110,326,0.337,323,613,0.527,0.52,141,194,0.727,103,357,460,141,51,30,114,172,1117,6284.27748251748,"9891.71363920208"
"chrisma01","Marquese Chriss",2941440,1313.6,"PF",19,"PHO",82,75,1743,284,632,0.449,72,224,0.321,212,408,0.52,0.506,113,181,0.624,96,252,348,60,67,70,108,263,753,2239.22046285018,"3180.53624801556"
"clarkjo01","Jordan Clarkson",12500000,1713.7,"SG",24,"LAL",82,19,2397,477,1071,0.445,117,356,0.329,360,715,0.503,0.5,134,168,0.798,49,197,246,213,88,8,164,150,1205,7294.15883760285,"4917.37454583486"
"conlemi01","Mike Conley",26540100,2103.7,"PG",29,"MEM",69,68,2292,464,1009,0.46,171,419,0.408,293,590,0.497,0.545,316,368,0.859,31,210,241,433,92,19,156,126,1415,12615.9148167514,"11618.9806080281"
"couside01","DeMarcus Cousins",16957900,2992.8,"C",26,"TOT",72,72,2465,647,1432,0.452,131,363,0.361,516,1069,0.483,0.498,517,670,0.772,152,642,794,332,100,93,269,278,1942,5666.23229083133,"8628.31937450179"
"couside01","DeMarcus Cousins",16957900,698.2,"C",26,"NOP",17,17,574,142,314,0.452,36,96,0.375,106,218,0.486,0.51,94,121,0.777,37,174,211,66,25,19,62,75,414,24288.0263534804,"22794.2367539143"
"couside01","DeMarcus Cousins",16957900,2294.6,"C",26,"SAC",55,55,1891,505,1118,0.452,95,267,0.356,410,851,0.482,0.494,423,549,0.77,115,468,583,266,75,74,207,203,1528,7390.35125947878,"10373.437012801"
"covinro01","Robert Covington",1015696,1658.2,"SF",26,"PHI",67,67,2119,292,732,0.399,137,412,0.333,155,320,0.484,0.492,143,174,0.822,92,344,436,102,127,69,131,203,864,612.529248582801,"8546.71475821649"
"crabbal01","Allen Crabbe",18500000,1238.2,"SG",24,"POR",79,7,2254,303,647,0.468,134,302,0.444,169,345,0.49,0.572,105,124,0.847,19,207,226,94,54,20,62,171,845,14941.0434501696,"6204.67399603271"
"crowdja01","Jae Crowder",6286408,1665.5,"SF",26,"BOS",72,72,2335,333,720,0.463,157,394,0.398,176,326,0.54,0.572,176,217,0.811,48,367,415,155,73,23,80,161,999,3774.4869408586,"9366.88378064841"
"curryse01","Seth Curry",2898000,1391.3,"PG",26,"DAL",70,42,2029,338,703,0.481,137,322,0.425,201,381,0.528,0.578,85,100,0.85,25,154,179,189,79,7,92,126,898,2082.94400920003,"6192.99606445229"
"curryst01","Stephen Curry",12112359,2962.6,"PG",28,"GSW",79,79,2638,675,1443,0.468,324,789,0.411,351,654,0.537,0.58,325,362,0.898,61,292,353,524,142,17,239,183,1999,4088.42199419429,"9397.08651881483"
"danietr01","Troy Daniels",3332940,700,"SG",25,"MEM",67,3,1183,185,495,0.374,138,355,0.389,47,140,0.336,0.513,43,54,0.796,22,78,100,46,20,4,45,90,551,4761.34285714286,"8885.50080318012"
"davisan02","Anthony Davis",22116750,3217.3,"C",23,"NOP",75,75,2708,770,1526,0.505,40,134,0.299,730,1392,0.524,0.518,519,647,0.802,172,712,884,157,94,167,181,168,2099,6874.32008205638,"5816.79276267748"
"dellama01","Matthew Dellavedova",9607500,1179.9,"PG",26,"MIL",76,54,1986,208,534,0.39,79,215,0.367,129,319,0.404,0.463,82,96,0.854,24,123,147,357,53,0,133,153,577,8142.63920671243,"7487.69453099737"
"denglu01","Luol Deng",1.8e+07,937,"SF",31,"LAL",56,49,1486,164,424,0.387,51,165,0.309,113,259,0.436,0.447,46,63,0.73,63,232,295,74,48,20,43,61,425,19210.2454642476,"10723.2498997683"
"derozde01","DeMar DeRozan",26540100,2375.2,"SG",27,"TOR",74,74,2620,721,1545,0.467,33,124,0.266,688,1421,0.484,0.477,545,647,0.842,70,316,386,290,78,13,180,134,2020,11173.8379925901,"10279.9424641261"
"dienggo01","Gorgui Dieng",2348783,1952.4,"PF",27,"MIN",82,82,2653,332,661,0.502,16,43,0.372,316,618,0.511,0.514,136,167,0.814,188,459,647,158,88,95,107,254,816,1203.02345830772,"8995.52312413909"
"drumman01","Andre Drummond",22116750,2715,"C",23,"DET",81,81,2409,483,911,0.53,2,7,0.286,481,904,0.532,0.531,137,355,0.386,345,770,1115,90,124,89,152,237,1105,8146.13259668508,"6860.64068771455"
"dudleja01","Jared Dudley",10470000,885.5,"PF",31,"PHO",64,7,1362,157,346,0.454,77,203,0.379,80,143,0.559,0.565,43,65,0.662,31,194,225,121,42,16,73,154,434,11823.8283455675,"10687.2785242491"
"dunnkr01","Kris Dunn",3872520,877.2,"PG",22,"MIN",78,7,1333,118,313,0.377,21,73,0.288,97,240,0.404,0.411,36,59,0.61,24,142,166,188,78,36,89,178,293,4414.63748290014,"3433.12241803998"
"duranke01","Kevin Durant",26540100,2476.6,"PF",28,"GSW",62,62,2070,551,1026,0.537,117,312,0.375,434,714,0.608,0.594,336,384,0.875,39,474,513,300,66,99,138,117,1555,10716.344989098,"12058.548441533"
"ellinwa01","Wayne Ellington",6e+06,922.4,"SG",29,"MIA",62,13,1500,231,555,0.416,149,394,0.378,82,161,0.509,0.55,37,43,0.86,18,114,132,70,35,4,30,70,648,6504.77016478751,"10792.9529858538"
"ellismo01","Monta Ellis",10763500,1210.8,"SG",31,"IND",74,33,1998,247,557,0.443,43,135,0.319,204,422,0.483,0.482,93,128,0.727,19,185,204,236,78,27,135,149,630,8889.5771390816,"8932.85869443621"
"embiijo01","Joel Embiid",4826160,915.6,"C",22,"PHI",31,31,786,200,429,0.466,36,98,0.367,164,331,0.495,0.508,191,244,0.783,61,182,243,66,27,76,117,112,627,5271.03538663172,"20448.9271735878"
"exumda01","Dante Exum",3940320,664.9,"PG",21,"UTA",66,26,1228,155,363,0.427,44,149,0.295,111,214,0.519,0.488,58,73,0.795,30,102,132,111,21,12,80,146,412,5926.18438862987,"3660.68193168453"
"favorde01","Derrick Favors",11050000,969,"PF",25,"UTA",50,39,1186,203,417,0.487,3,10,0.3,200,407,0.491,0.49,67,109,0.615,92,213,305,56,45,40,60,103,476,11403.5087719298,"9620.23164069478"
"fournev01","Evan Fournier",1.7e+07,1496.8,"SG",24,"ORL",68,66,2234,408,930,0.439,128,360,0.356,280,570,0.491,0.508,223,277,0.805,44,165,209,202,66,4,141,180,1167,11357.5628006414,"8207.46305937538"
"fraziti01","Tim Frazier",2090000,1099.1,"PG",26,"NOP",65,35,1525,163,404,0.403,40,128,0.313,123,276,0.446,0.453,98,129,0.76,34,139,173,335,56,6,101,133,464,1901.55581839687,"8647.21184394546"
"gallida01","Danilo Gallinari",15050000,1416.5,"SF",28,"DEN",63,63,2134,335,750,0.447,126,324,0.389,209,426,0.491,0.531,349,387,0.902,39,286,325,135,40,15,82,93,1145,10624.7793858101,"11083.9267559175"
"gallola01","Langston Galloway",5200000,735.7,"PG",25,"NOP",55,0,1120,165,441,0.374,101,268,0.377,64,173,0.37,0.489,40,52,0.769,20,101,121,65,40,5,28,76,471,7068.09840967786,"9376.03071839205"
"gallola01","Langston Galloway",5200000,183,"PG",25,"SAC",19,2,375,42,104,0.404,19,40,0.475,23,64,0.359,0.495,11,12,0.917,7,28,35,28,6,1,18,20,114,28415.3005464481,"33358.5539456127"
"gallola01","Langston Galloway",5200000,918.7,"PG",25,"TOT",74,2,1495,207,545,0.38,120,308,0.39,87,237,0.367,0.49,51,64,0.797,27,129,156,93,46,6,46,96,585,5660.17198214869,"7181.86928080341"
"gasolma01","Marc Gasol",21165675,2397.8,"C",32,"MEM",74,74,2531,532,1160,0.459,104,268,0.388,428,892,0.48,0.503,278,332,0.837,60,404,464,338,67,99,166,171,1446,8827.12277921428,"11394.3788874615"
"gasolpa01","Pau Gasol",15500000,1595.2,"C",36,"SAS",64,39,1627,303,604,0.502,56,104,0.538,247,500,0.494,0.548,130,184,0.707,107,394,501,150,24,70,81,110,792,9716.64994984955,"9797.50774566301"
"gayru01","Rudy Gay",13333333,862.5,"SF",30,"SAC",30,30,1013,201,442,0.455,42,113,0.372,159,329,0.483,0.502,118,138,0.855,35,155,190,83,44,26,74,79,562,15458.9368115942,"25364.7404751576"
"georgpa01","Paul George",18314532,2477.9,"SF",26,"IND",75,75,2689,622,1348,0.461,195,496,0.393,427,852,0.501,0.534,336,374,0.898,58,434,492,251,119,27,220,206,1775,7391.15057104806,"7837.82343636543"
"gibsota01","Taj Gibson",8950000,352.1,"PF",31,"OKC",23,16,487,89,179,0.497,1,1,1,88,178,0.494,0.5,28,39,0.718,38,65,103,13,14,15,28,40,207,25418.9150809429,"22712.0240863711"
"gibsota01","Taj Gibson",8950000,1179.4,"PF",31,"CHI",55,55,1502,276,530,0.521,2,12,0.167,274,518,0.529,0.523,85,119,0.714,120,262,382,60,27,50,77,123,639,7588.60437510599,"11694.0726336006"
"gibsota01","Taj Gibson",8950000,1531.5,"PF",31,"TOT",78,71,1989,365,709,0.515,3,13,0.231,362,696,0.52,0.517,113,158,0.715,158,327,485,73,41,65,105,163,846,5843.94384590271,"9650.97772878891"
"goberru01","Rudy Gobert",2121288,2592.5,"C",24,"UTA",81,81,2744,413,625,0.661,0,1,0,413,624,0.662,0.661,311,476,0.653,314,721,1035,97,49,214,147,246,1137,818.240308582449,"5874.42127149611"
"gordoaa01","Aaron Gordon",4351320,1695,"SF",21,"ORL",80,72,2298,393,865,0.454,77,267,0.288,316,598,0.528,0.499,156,217,0.719,116,289,405,150,65,40,89,172,1019,2567.15044247788,"4830.53326964112"
"gordoer01","Eric Gordon",12385364,1650.2,"SG",28,"HOU",75,15,2323,412,1016,0.406,246,661,0.372,166,355,0.468,0.527,147,175,0.84,29,172,201,188,48,41,121,150,1217,7505.37147012483,"8403.41128537217"
"grantje01","Jerami Grant",980431,842,"PF",22,"TOT",80,4,1531,152,328,0.463,43,116,0.371,109,212,0.514,0.529,90,147,0.612,38,167,205,46,33,79,44,149,437,1164.40736342043,"3341.55094011374"
"grantje01","Jerami Grant",980431,817.8,"PF",22,"OKC",78,4,1490,146,311,0.469,43,114,0.377,103,197,0.523,0.539,86,139,0.619,38,161,199,46,33,75,41,144,421,1198.86402543409,"3054.03544656873"
"grantje01","Jerami Grant",980431,24.2,"PF",22,"PHI",2,0,41,6,17,0.353,0,2,0,6,15,0.4,0.353,4,8,0.5,0,6,6,0,0,4,3,5,16,40513.6776859504,"91443.323195209"
"greenda02","Danny Green",1e+07,1102.8,"SG",29,"SAS",68,68,1807,176,449,0.392,118,311,0.379,58,138,0.42,0.523,27,32,0.844,31,193,224,124,70,57,76,120,497,9067.82734856728,"8359.39160235875"
"greendr01","Draymond Green",15330435,2479.3,"PF",26,"GSW",76,76,2471,272,650,0.418,81,263,0.308,191,387,0.494,0.481,151,213,0.709,98,501,599,533,154,106,184,217,776,6183.37232283306,"7813.13209284121"
"greenge01","Gerald Green",980431,386.3,"SF",31,"BOS",47,0,538,95,232,0.409,39,111,0.351,56,121,0.463,0.494,33,41,0.805,16,68,84,33,9,7,25,48,262,2538.00414185866,"14232.6808745374"
"greenja01","JaMychal Green",980431,1401.8,"PF",26,"MEM",77,75,2101,250,500,0.5,55,145,0.379,195,355,0.549,0.555,134,167,0.802,167,377,544,84,47,34,94,248,689,699.408617491796,"10269.0692971636"
"greenje02","Jeff Green",1.5e+07,896.3,"PF",30,"ORL",69,11,1534,220,558,0.394,53,193,0.275,167,365,0.458,0.442,145,168,0.863,39,175,214,81,37,13,75,103,638,16735.4680352561,"8536.76861948891"
"griffbl01","Blake Griffin",20140839,2058.4,"PF",27,"LAC",61,61,2076,479,971,0.493,38,113,0.336,441,858,0.514,0.513,320,421,0.76,112,385,497,300,57,22,142,157,1316,9784.70608239409,"10395.1566478904"
"hamilju01","Justin Hamilton",3e+06,900.9,"C",26,"BRK",64,7,1177,174,379,0.459,55,180,0.306,119,199,0.598,0.532,39,52,0.75,71,191,262,55,29,43,43,91,442,3330.00333000333,"7002.47628984178"
"hardeja01","James Harden",26540100,3615.3,"PG",27,"HOU",81,81,2947,674,1533,0.44,262,756,0.347,412,777,0.53,0.525,746,881,0.847,95,564,659,907,121,38,464,215,2356,7341.05053522529,"8617.68120242729"
"harklma01","Maurice Harkless",8988765,1461.2,"SF",23,"POR",77,69,2223,314,624,0.503,68,194,0.351,246,430,0.572,0.558,77,124,0.621,125,216,341,88,85,70,86,214,773,6151.63222009307,"4728.57468011057"
"harremo01","Montrezl Harrell",1045000,889.8,"C",23,"HOU",58,14,1064,225,345,0.652,1,7,0.143,224,338,0.663,0.654,76,121,0.628,81,138,219,64,20,42,44,126,527,1174.42121825129,"5312.02889974754"
"harriga01","Gary Harris",1655880,1288.6,"SG",22,"DEN",57,56,1782,320,637,0.502,107,255,0.42,213,382,0.558,0.586,104,134,0.776,48,130,178,164,71,8,76,92,851,1285.02250504423,"4382.88258773375"
"harrijo01","Joe Harris",980431,671.4,"SG",25,"BRK",52,11,1138,154,362,0.425,85,221,0.385,69,141,0.489,0.543,35,49,0.714,16,131,147,54,30,8,55,121,428,1460.27852249032,"7262.61709397092"
"harrito02","Tobias Harris",17200000,1945.2,"PF",24,"DET",82,48,2567,511,1063,0.481,109,314,0.347,402,749,0.537,0.532,190,226,0.841,63,353,416,142,60,39,96,133,1321,8842.27842895332,"6778.50987151804"
"hasleud01","Udonis Haslem",4e+06,80.2,"C",36,"MIA",16,0,130,11,23,0.478,0,3,0,11,20,0.55,0.478,9,15,0.6,8,28,36,6,6,1,8,22,31,49875.3117206982,"37593.2715802813"
"hawessp01","Spencer Hawes",6348759,154.5,"PF",28,"MIL",19,0,171,30,59,0.508,9,26,0.346,21,33,0.636,0.585,14,18,0.778,6,39,45,19,2,4,9,16,83,41092.2912621359,"37621.6684359193"
"hawessp01","Spencer Hawes",6348759,530.2,"PF",28,"CHO",35,1,626,104,218,0.477,16,55,0.291,88,163,0.54,0.514,30,34,0.882,32,114,146,62,13,26,40,61,254,11974.2719728404,"20582.3372970306"
"hawessp01","Spencer Hawes",6348759,684.7,"PF",28,"TOT",54,1,797,134,277,0.484,25,81,0.309,109,196,0.556,0.529,44,52,0.846,38,153,191,81,15,30,49,77,337,9272.3221848985,"10835.8211250176"
"haywago01","Gordon Hayward",16073140,2135.8,"SF",26,"UTA",73,73,2516,545,1156,0.471,149,374,0.398,396,782,0.506,0.536,362,429,0.844,49,345,394,252,73,20,140,117,1601,7525.58291974904,"7982.33016749694"
"hensojo01","John Henson",12517606,919.5,"C",26,"MIL",58,39,1123,159,309,0.515,0,1,0,159,308,0.516,0.515,74,107,0.692,92,203,295,57,29,78,52,151,392,13613.49211528,"9082.27741532909"
"hezonma01","Mario Hezonja",3909840,577.2,"SF",21,"ORL",65,2,960,117,330,0.355,43,144,0.299,74,186,0.398,0.42,40,50,0.8,20,126,146,62,30,15,58,74,317,6773.80457380457,"5198.02703639107"
"hieldbu01","Buddy Hield",3517200,775.7,"SG",24,"NOP",57,37,1161,185,471,0.393,89,241,0.369,96,230,0.417,0.487,29,33,0.879,19,147,166,77,18,7,48,81,488,4534.22714967126,"5263.12240114979"
"hieldbu01","Buddy Hield",3517200,523.6,"SG",24,"SAC",25,18,727,142,296,0.48,59,138,0.428,83,158,0.525,0.579,35,43,0.814,16,87,103,44,20,2,53,34,378,6717.34148204736,"23686.8891574684"
"hieldbu01","Buddy Hield",3517200,1299.3,"SG",24,"TOT",82,55,1888,327,767,0.426,148,379,0.391,179,388,0.461,0.523,64,76,0.842,35,234,269,121,38,9,101,115,866,2706.99607480951,"5797.23880139135"
"hillge01","George Hill",8e+06,1215.4,"PG",30,"UTA",49,49,1544,289,606,0.477,94,233,0.403,195,373,0.523,0.554,157,196,0.801,23,144,167,204,50,11,85,114,829,6582.19516208656,"10967.1342838406"
"hillso01","Solomon Hill",11241218,1165.9,"SF",25,"NOP",80,71,2374,183,478,0.383,94,270,0.348,89,208,0.428,0.481,103,128,0.805,51,256,307,141,72,32,82,182,563,9641.66566600909,"6856.53408163195"
"holidjr01","Jrue Holiday",11286518,2052.8,"PG",26,"NOP",67,61,2190,405,893,0.454,100,281,0.356,305,612,0.498,0.51,119,168,0.708,46,218,264,488,100,44,194,133,1029,5498.10892439595,"8028.91622734212"
"holidju01","Justin Holiday",1015696,1112,"SG",27,"NYK",82,4,1639,233,538,0.433,97,273,0.355,136,265,0.513,0.523,66,80,0.825,27,198,225,102,65,31,66,109,629,913.395683453237,"7611.35245654135"
"holliro01","Rondae Hollis-Jefferson",1395600,1394.4,"SF",22,"BRK",78,50,1761,235,542,0.434,15,67,0.224,220,475,0.463,0.447,190,253,0.751,96,356,452,154,82,44,116,177,675,1000.86058519793,"1692.56687531702"
"holmeri01","Richaun Holmes",1025831,1086.2,"C",23,"PHI",57,17,1193,230,412,0.558,27,77,0.351,203,335,0.606,0.591,72,103,0.699,94,217,311,58,42,55,55,136,559,944.421837598969,"3571.07894075521"
"hoodro01","Rodney Hood",1406520,1077.4,"SG",24,"UTA",59,55,1593,272,666,0.408,114,307,0.371,158,359,0.44,0.494,90,115,0.783,16,186,202,96,38,11,65,132,748,1305.47614627808,"6963.66404679527"
"horfoal01","Al Horford",26540100,2068.5,"C",30,"BOS",68,68,2193,379,801,0.473,86,242,0.355,293,559,0.524,0.527,108,135,0.8,95,370,465,337,52,86,115,138,952,12830.6018854242,"13161.1079118948"
"howardw01","Dwight Howard",23180275,2202,"C",31,"ATL",74,74,2199,388,613,0.633,0,2,0,388,611,0.635,0.633,226,424,0.533,296,644,940,104,64,92,170,203,1002,10526.9187102634,"8355.87670023681"
"ibakase01","Serge Ibaka",12250000,547.7,"PF",27,"TOR",23,23,712,128,279,0.459,41,103,0.398,87,176,0.494,0.532,30,34,0.882,29,127,156,15,7,33,39,76,327,22366.2589008581,"28091.640746996"
"ibakase01","Serge Ibaka",12250000,2049.1,"PF",27,"TOT",79,79,2422,471,982,0.48,124,317,0.391,347,665,0.522,0.543,107,125,0.856,129,409,538,75,41,124,105,215,1173,5978.23434678639,"8159.16937182524"
"ibakase01","Serge Ibaka",12250000,1501.4,"PF",27,"ORL",56,56,1710,343,703,0.488,83,214,0.388,260,489,0.532,0.547,77,91,0.846,100,282,382,60,34,91,66,139,846,8159.05155188491,"9323.54896628213"
"iguodan01","Andre Iguodala",11131368,1430.3,"SF",33,"GSW",76,0,1998,219,415,0.528,64,177,0.362,155,238,0.651,0.605,72,102,0.706,51,253,304,261,76,39,58,97,574,7782.54072572188,"9496.16654138435"
"inglejo01","Joe Ingles",2150000,1282.7,"SF",29,"UTA",82,26,1972,204,451,0.452,123,279,0.441,81,172,0.471,0.589,50,68,0.735,23,238,261,225,96,8,107,163,581,1676.15186715522,"6600.08184987609"
"ingrabr01","Brandon Ingram",5281680,1291.2,"SF",19,"LAL",79,40,2279,276,686,0.402,55,187,0.294,221,499,0.443,0.442,133,214,0.621,60,256,316,166,50,36,116,158,740,4090.52044609665,"3076.53067935759"
"irvinky01","Kyrie Irving",17638063,2456,"PG",24,"CLE",72,72,2525,671,1420,0.473,177,441,0.401,494,979,0.505,0.535,297,328,0.905,52,178,230,418,83,24,180,157,1816,7181.62174267101,"5000.38405104547"
"jacksde01","Demetrius Jackson",1450000,16.3,"PG",22,"BOS",5,0,17,3,4,0.75,1,1,1,2,3,0.667,0.875,3,6,0.5,2,2,4,3,0,0,0,0,10,88957.0552147239,"66514.8855654636"
"jacksre01","Reggie Jackson",14956522,1141.8,"PG",26,"DET",52,50,1424,284,677,0.419,66,184,0.359,218,493,0.442,0.468,118,136,0.868,21,93,114,270,35,5,114,129,752,13099.0733928884,"10363.4401735749"
"jamesle01","LeBron James",30963450,3300.8,"SF",32,"CLE",74,74,2794,736,1344,0.548,124,342,0.363,612,1002,0.611,0.594,358,531,0.674,97,542,639,646,92,44,303,134,1954,9380.5895540475,"10106.5052467651"
"johnsja01","James Johnson",4e+06,1841.2,"PF",29,"MIA",76,5,2085,368,769,0.479,87,256,0.34,281,513,0.548,0.535,152,215,0.707,66,310,376,276,76,86,171,197,975,2172.49619813165,"10309.7068669657"
"johnsjo02","Joe Johnson",1.1e+07,1198.6,"SF",35,"UTA",78,14,1843,273,626,0.436,106,258,0.411,167,368,0.454,0.521,63,77,0.818,33,210,243,144,36,18,69,93,715,9177.37360253629,"6966.04232827841"
"johnsst04","Stanley Johnson",2969880,776.3,"SF",20,"DET",77,1,1371,129,365,0.353,45,154,0.292,84,211,0.398,0.415,36,53,0.679,36,153,189,105,56,24,71,121,339,3825.68594615484,"4367.56388025623"
"johnsty01","Tyler Johnson",5628000,1674.1,"PG",24,"MIA",73,0,2178,357,824,0.433,93,250,0.372,264,574,0.46,0.49,195,254,0.768,50,243,293,233,84,44,90,176,1002,3361.80634370707,"4102.80811434643"
"jonesty01","Tyus Jones",1339680,558.4,"PG",20,"MIN",60,0,774,75,181,0.414,26,73,0.356,49,108,0.454,0.486,33,43,0.767,10,57,67,156,48,5,38,50,209,2399.14040114613,"4850.75123133601"
"jordade01","DeAndre Jordan",21165675,2559.8,"C",28,"LAC",81,81,2570,412,577,0.714,0,2,0,412,575,0.717,0.714,205,425,0.482,298,816,1114,96,51,134,115,212,1029,8268.48777248223,"7351.31632018451"
"josepco01","Cory Joseph",7315000,1375.5,"PG",25,"TOR",80,22,2003,299,661,0.452,48,135,0.356,251,526,0.477,0.489,94,122,0.77,51,184,235,265,66,13,108,140,740,5318.06615776081,"6957.43653580688"
"kaminfr01","Frank Kaminsky",2730000,1486.2,"C",23,"CHO",75,16,1954,320,802,0.399,116,354,0.328,204,448,0.455,0.471,118,156,0.756,57,279,336,162,46,34,76,139,874,1836.89947517158,"4395.16239689023"
"kanteen01","Enes Kanter",17145838,1504.9,"C",24,"OKC",72,0,1533,402,737,0.545,5,38,0.132,397,699,0.568,0.549,224,285,0.786,195,287,482,67,32,38,123,154,1033,11393.3404212904,"6418.58681177746"
"kiddgmi01","Michael Kidd-Gilchrist",1.3e+07,1700,"SF",23,"CHO",81,81,2349,295,618,0.477,1,9,0.111,294,609,0.483,0.478,152,194,0.784,156,409,565,114,81,77,56,187,743,7647.05882352941,"5774.28331169671"
"knighbr03","Brandon Knight",12606250,775.6,"SG",25,"PHO",54,5,1140,209,525,0.398,45,139,0.324,164,386,0.425,0.441,132,154,0.857,25,93,118,130,27,5,88,87,595,16253.5456420835,"8632.02574117666"
"korveky01","Kyle Korver",5239437,1069.2,"SG",35,"TOT",67,22,1753,239,515,0.464,162,359,0.451,77,156,0.494,0.621,38,42,0.905,7,179,186,110,34,21,69,107,678,4900.33389450056,"8526.63313320133"
"korveky01","Kyle Korver",5239437,536.9,"SG",35,"CLE",35,1,859,131,269,0.487,97,200,0.485,34,69,0.493,0.667,14,15,0.933,7,90,97,35,11,8,29,60,373,9758.68318122556,"33378.8617758578"
"korveky01","Kyle Korver",5239437,532.3,"SG",35,"ATL",32,21,894,108,246,0.439,65,159,0.409,43,87,0.494,0.571,24,27,0.889,0,89,89,75,23,13,40,47,305,9843.01521698291,"27211.8261654646"
"lambje01","Jeremy Lamb",6511628,982.3,"SG",24,"CHO",62,5,1143,226,491,0.46,41,146,0.281,185,345,0.536,0.502,110,129,0.853,30,234,264,75,27,23,40,98,603,6628.96060266721,"6004.83423366103"
"lavinza01","Zach LaVine",2240880,1189.5,"SG",21,"MIN",47,47,1749,326,710,0.459,120,310,0.387,206,400,0.515,0.544,117,140,0.836,19,141,160,139,41,10,85,104,889,1883.88398486759,"5169.31046338237"
"leeco01","Courtney Lee",11242000,1470.3,"SG",31,"NYK",77,74,2459,321,704,0.456,108,269,0.401,213,435,0.49,0.533,85,98,0.867,53,206,259,179,81,24,69,141,835,7646.05862749099,"9219.89794811154"
"lenal01","Alex Len",4823621,1311,"C",23,"PHO",77,34,1560,230,463,0.497,3,12,0.25,227,451,0.503,0.5,150,208,0.721,156,354,510,44,38,98,102,242,613,3679.34477498093,"3125.16755111582"
"leonaka01","Kawhi Leonard",17638063,2547,"SF",25,"SAS",74,74,2474,636,1312,0.485,147,387,0.38,489,925,0.529,0.541,469,533,0.88,80,350,430,260,133,55,154,122,1888,6925.03455045151,"6616.93306323008"
"leoname01","Meyers Leonard",9213483,803.9,"PF",24,"POR",74,12,1222,146,378,0.386,74,213,0.347,72,165,0.436,0.484,35,40,0.875,27,210,237,71,13,28,35,172,401,11460.9814653564,"6079.65916607312"
"leuerjo01","Jon Leuer",10991957,1365.9,"PF",27,"DET",75,34,1944,310,646,0.48,49,167,0.293,261,479,0.545,0.518,98,113,0.867,102,300,402,111,31,26,66,145,767,8047.40976645435,"7680.41210316001"
"leverca01","Caris LeVert",1562280,846.6,"SF",22,"BRK",57,26,1237,171,380,0.45,59,184,0.321,112,196,0.571,0.528,67,93,0.72,23,165,188,110,49,8,59,91,468,1845.35790219702,"2754.4247247363"
"lillada01","Damian Lillard",24328425,2616.6,"PG",26,"POR",75,75,2694,661,1488,0.444,214,579,0.37,447,909,0.492,0.516,488,545,0.895,46,322,368,440,68,20,197,152,2024,9297.72414583811,"9147.93297985516"
"livinsh01","Shaun Livingston",5782450,790.7,"PG",31,"GSW",76,3,1345,173,316,0.547,1,3,0.333,172,313,0.55,0.549,42,60,0.7,28,123,151,139,38,20,62,120,389,7313.0770203617,"9102.6440368148"
"looneke01","Kevon Looney",1182840,353.3,"C",20,"GSW",53,4,447,56,107,0.523,2,9,0.222,54,98,0.551,0.533,21,34,0.618,44,80,124,29,15,17,17,64,135,3347.97622417209,"3865.53518881362"
"lopezbr01","Brook Lopez",21165675,2131.6,"C",28,"BRK",75,75,2222,555,1172,0.474,134,387,0.346,421,785,0.536,0.531,295,364,0.81,121,282,403,176,38,124,184,192,1539,9929.47785700882,"9107.70783193379"
"lopezro01","Robin Lopez",13219250,1687,"C",28,"CHI",81,81,2271,382,775,0.493,0,2,0,382,773,0.494,0.493,75,104,0.721,244,276,520,80,18,117,91,151,839,7835.95139300533,"9197.31651808501"
"loveke01","Kevin Love",21165675,1884.2,"PF",28,"CLE",60,60,1885,370,867,0.427,145,389,0.373,225,478,0.471,0.51,257,295,0.871,148,518,666,116,53,21,122,125,1142,11233.2422248169,"11869.3386318481"
"lowryky01","Kyle Lowry",1.2e+07,2054.7,"PG",30,"TOR",60,60,2244,426,918,0.464,193,468,0.412,233,450,0.518,0.569,299,365,0.819,48,238,286,417,88,19,173,170,1344,5840.26865235801,"12658.2990499923"
"lylestr01","Trey Lyles",2340600,796.5,"PF",21,"UTA",71,4,1158,159,439,0.362,65,204,0.319,94,235,0.4,0.436,57,79,0.722,48,187,235,69,26,20,64,97,440,2938.60640301318,"3596.8723747081"
"makerth01","Thon Maker",2568600,420.3,"C",19,"MIL",57,34,562,83,181,0.459,28,74,0.378,55,107,0.514,0.536,32,49,0.653,40,74,114,23,10,26,17,84,226,6111.34903640257,"4413.02670607034"
"matthwe02","Wesley Matthews",17145838,1547.8,"SG",30,"DAL",73,73,2495,333,847,0.393,174,479,0.363,159,368,0.432,0.496,146,179,0.816,18,241,259,210,77,15,102,161,986,11077.5539475384,"9347.12238473954"
"mccolcj01","CJ McCollum",3219579,2399.3,"SG",25,"POR",80,80,2796,692,1441,0.48,185,439,0.421,507,1002,0.506,0.544,268,294,0.912,60,229,289,285,72,42,172,202,1837,1341.88263243446,"8263.05559278736"
"mcderdo01","Doug McDermott",2483040,820.8,"SF",25,"TOT",66,5,1508,222,497,0.447,77,208,0.37,145,289,0.502,0.524,71,84,0.845,20,159,179,58,13,5,38,79,592,3025.14619883041,"5906.16407008538"
"mcderdo01","Doug McDermott",2483040,609.5,"SF",25,"CHI",44,4,1078,166,373,0.445,56,150,0.373,110,223,0.493,0.52,59,67,0.881,14,116,130,45,11,4,32,57,447,4073.89663658737,"9261.05547883017"
"mcderdo01","Doug McDermott",2483040,211.3,"SF",25,"OKC",22,1,430,56,124,0.452,21,58,0.362,35,66,0.53,0.536,12,17,0.706,6,43,49,13,2,1,6,22,145,11751.2541410317,"25508.5153964793"
"mcgeeja01","JaVale McGee",1403611,866.3,"C",29,"GSW",77,10,739,208,319,0.652,0,3,0,208,316,0.658,0.652,56,111,0.505,100,144,244,17,19,67,40,109,472,1620.23663857786,"7989.49399071451"
"mclembe01","Ben McLemore",4008882,664.3,"SG",23,"SAC",61,26,1176,180,419,0.43,65,170,0.382,115,249,0.462,0.507,70,93,0.753,19,110,129,51,29,6,62,108,495,6034.74634954087,"3806.9361855452"
"middlkh01","Khris Middleton",15200000,672.1,"SF",25,"MIL",29,23,889,150,333,0.45,45,104,0.433,105,229,0.459,0.518,81,92,0.88,11,112,123,99,41,7,65,79,426,22615.6821901503,"17607.3386054594"
"milescj01","C.J. Miles",4583450,1179.8,"SF",29,"IND",76,29,1776,281,647,0.434,169,409,0.413,112,238,0.471,0.565,84,93,0.903,30,199,229,48,46,25,40,151,815,3884.93812510595,"8065.81528970892"
"millspa01","Paul Millsap",20072033,2098.6,"PF",31,"ATL",69,67,2343,430,972,0.442,75,241,0.311,355,731,0.486,0.481,311,405,0.768,111,422,533,252,90,62,158,186,1246,9564.48727723244,"10689.5210614634"
"millspa02","Patty Mills",3578948,1317.2,"PG",28,"SAS",80,8,1754,273,621,0.44,147,355,0.414,126,266,0.474,0.558,66,80,0.825,24,117,141,280,65,3,101,109,759,2717.08776191922,"7158.01787780514"
"mooreet01","E'Twaun Moore",8081363,1173.4,"SG",27,"NOP",73,22,1820,283,619,0.457,77,208,0.37,206,411,0.501,0.519,57,74,0.77,33,119,152,164,50,32,62,131,700,6887.13396966081,"4997.59611151522"
"morrima02","Markieff Morris",7400000,1782.6,"PF",27,"WAS",76,76,2374,406,889,0.457,71,196,0.362,335,693,0.483,0.497,180,215,0.837,107,386,493,126,82,42,129,254,1063,4151.23976214518,"8326.50358838003"
"mozgoti01","Timofey Mozgov",1.6e+07,741.3,"C",30,"LAL",54,52,1104,169,328,0.515,0,1,0,169,327,0.517,0.515,63,78,0.808,104,160,264,43,16,31,72,133,401,21583.704303251,"9395.78644198335"
"mudiaem01","Emmanuel Mudiay",3241800,996.1,"PG",20,"DEN",55,41,1406,208,551,0.377,56,178,0.315,152,373,0.408,0.428,131,167,0.784,29,149,178,217,41,13,123,95,603,3254.49252083124,"5310.64207208009"
"murrade01","Dejounte Murray",1180080,221.4,"PG",20,"SAS",38,8,322,50,116,0.431,9,23,0.391,41,93,0.441,0.47,21,30,0.7,6,36,42,48,8,6,38,29,130,5330.08130081301,"13436.9920882157"
"murraja01","Jamal Murray",3210840,1253.8,"SG",19,"DEN",82,10,1764,295,730,0.404,115,344,0.334,180,386,0.466,0.483,106,120,0.883,41,173,214,170,51,24,113,124,811,2560.88690381241,"2558.32000120094"
"muscami01","Mike Muscala",1015696,903.5,"C",25,"ATL",70,3,1237,170,337,0.504,46,110,0.418,124,227,0.546,0.573,49,64,0.766,76,164,240,95,30,41,55,97,435,1124.17930271168,"3821.47395087166"
"napiesh01","Shabazz Napier",1350120,380.7,"PG",25,"POR",53,2,512,73,183,0.399,34,92,0.37,39,91,0.429,0.492,38,49,0.776,8,53,61,67,32,2,41,38,218,3546.41449960599,"9630.35236370497"
"nichoan01","Andrew Nicholson",6088993,206.2,"PF",27,"TOT",38,0,342,43,111,0.387,5,27,0.185,38,84,0.452,0.41,9,14,0.643,15,46,61,10,16,6,17,55,100,29529.5489815713,"23133.5275883522"
"nichoan01","Andrew Nicholson",6088993,68.9,"PF",27,"BRK",10,0,111,13,34,0.382,2,11,0.182,11,23,0.478,0.412,2,2,1,4,23,27,3,5,0,6,18,30,88374.3541364296,"47730.7199941321"
"nichoan01","Andrew Nicholson",6088993,137.3,"PF",27,"WAS",28,0,231,30,77,0.39,3,16,0.188,27,61,0.443,0.409,7,12,0.583,11,23,34,7,11,6,11,37,70,44348.091769847,"26588.1568935065"
"noahjo01","Joakim Noah",1.7e+07,912.1,"C",31,"NYK",46,46,1015,99,202,0.49,0,1,0,99,201,0.493,0.49,34,78,0.436,162,241,403,103,30,37,58,127,232,18638.3072031575,"12725.9689209286"
"noelne01","Nerlens Noel",4384490,540.8,"C",22,"PHI",29,7,564,107,175,0.611,0,1,0,107,174,0.615,0.611,43,63,0.683,46,98,144,30,43,26,29,71,257,8107.4149408284,"22435.0362896322"
"noelne01","Nerlens Noel",4384490,974.8,"C",22,"TOT",51,19,1047,184,309,0.595,0,1,0,184,308,0.597,0.595,77,111,0.694,93,201,294,50,65,50,51,126,445,4497.83545342634,"4877.63503396916"
"oladivi01","Victor Oladipo",6552961,1643.2,"SG",24,"OKC",67,67,2222,412,932,0.442,127,352,0.361,285,580,0.491,0.51,116,154,0.753,39,252,291,176,78,21,119,155,1067,3987.92660662123,"6573.44893962766"
"olynyke01","Kelly Olynyk",3094014,1291.2,"C",25,"BOS",75,6,1538,260,508,0.512,68,192,0.354,192,316,0.608,0.579,90,123,0.732,73,288,361,148,43,29,96,207,678,2396.23141263941,"7516.55638026314"
"oquinky01","Kyle O'Quinn",3918750,1338.3,"C",26,"NYK",79,8,1229,215,413,0.521,2,17,0.118,213,396,0.538,0.523,64,83,0.771,157,282,439,117,36,104,76,174,496,2928.15512216992,"7958.78830896859"
"parkeja01","Jabari Parker",5374320,1503.8,"PF",21,"MIL",51,50,1728,399,814,0.49,65,178,0.365,334,636,0.525,0.53,162,218,0.743,79,235,314,142,50,22,93,111,1025,3573.82630668972,"3540.92275748342"
"parsoch01","Chandler Parsons",22116750,384.3,"SF",28,"MEM",34,34,675,75,222,0.338,25,93,0.269,50,129,0.388,0.394,35,43,0.814,6,78,84,55,20,5,24,52,210,57550.7416081187,"24711.2772158774"
"pattepa01","Patrick Patterson",6050000,955.6,"PF",27,"TOR",65,8,1599,154,384,0.401,94,253,0.372,60,131,0.458,0.523,43,60,0.717,62,231,293,76,40,23,38,120,445,6331.10087902888,"8325.97151240051"
"paulch01","Chris Paul",22868827,2188.3,"PG",31,"LAC",61,61,1921,374,785,0.476,124,302,0.411,250,483,0.518,0.555,232,260,0.892,40,264,304,563,119,8,147,146,1104,10450.4990175022,"10160.6088577533"
"payneca01","Cameron Payne",2112480,211.2,"PG",22,"OKC",20,0,320,43,130,0.331,16,52,0.308,27,78,0.346,0.392,4,4,1,2,29,31,40,10,4,16,38,106,10002.2727272727,"31584.2828782131"
"payneca01","Cameron Payne",2112480,90.9,"PG",22,"CHI",11,0,142,21,63,0.333,11,34,0.324,10,29,0.345,0.421,1,4,0.25,1,16,17,15,4,0,13,14,54,23239.603960396,"70952.1392794467"
"payneca01","Cameron Payne",2112480,302.1,"PG",22,"TOT",31,0,462,64,193,0.332,27,86,0.314,37,107,0.346,0.402,5,8,0.625,3,45,48,55,14,4,29,52,160,6992.65143992056,"22894.1255927057"
"paytoel01","Elfrid Payton",2613600,2235.9,"PG",22,"ORL",82,58,2412,430,912,0.471,40,146,0.274,390,766,0.509,0.493,146,211,0.692,89,298,387,529,88,40,178,177,1046,1168.92526499396,"5185.54088017229"
"plumlma01","Mason Plumlee",2328530,560.6,"C",26,"DEN",27,10,632,99,181,0.547,0,1,0,99,180,0.55,0.547,47,76,0.618,50,123,173,70,19,29,46,77,245,4153.63895825901,"23172.8400890867"
"plumlma01","Mason Plumlee",2328530,2008,"C",26,"TOT",81,64,2148,334,623,0.536,0,6,0,334,617,0.541,0.536,174,300,0.58,170,435,605,284,69,92,134,226,842,1159.6264940239,"7887.47423752537"
"plumlma01","Mason Plumlee",2328530,1447.4,"C",26,"POR",54,54,1516,235,442,0.532,0,5,0,235,437,0.538,0.532,127,224,0.567,120,312,432,214,50,63,88,149,597,1608.76744507393,"11323.8038390359"
"portibo01","Bobby Portis",1453680,822.7,"PF",21,"CHI",64,13,1000,183,375,0.488,32,96,0.333,151,279,0.541,0.531,39,59,0.661,75,221,296,35,16,11,37,94,437,1766.96244074389,"3471.75960134647"
"poweldw01","Dwight Powell",8375000,1015.7,"C",25,"DAL",77,3,1333,194,377,0.515,21,74,0.284,173,303,0.571,0.542,107,141,0.759,93,213,306,49,61,39,34,135,516,8245.54494437334,"5096.8803143298"
"randlju01","Julius Randle",3267120,1929.2,"PF",22,"LAL",74,73,2132,377,773,0.488,17,63,0.27,360,710,0.507,0.499,204,282,0.723,150,486,636,264,49,37,173,248,975,1693.51026332158,"3322.35522960583"
"riverau01","Austin Rivers",1.1e+07,1257.2,"SG",24,"LAC",74,29,2054,323,731,0.442,111,299,0.371,212,432,0.491,0.518,132,191,0.691,20,141,161,204,48,10,115,187,889,8749.60229080496,"3210.56113367757"
"roberan03","Andre Roberson",2183072,1372.1,"SF",25,"OKC",79,79,2376,215,463,0.464,45,184,0.245,170,279,0.609,0.513,47,111,0.423,98,305,403,79,94,79,51,204,522,1591.04438452008,"7845.33992269551"
"rondora01","Rajon Rondo",1.4e+07,1676.5,"PG",30,"CHI",69,42,1843,229,561,0.408,50,133,0.376,179,428,0.418,0.453,30,50,0.6,73,282,355,461,99,11,169,144,538,8350.73068893528,"8708.9896004309"
"rosede01","Derrick Rose",21323252,1627.7,"PG",28,"NYK",64,64,2082,460,977,0.471,13,60,0.217,447,917,0.487,0.477,221,253,0.874,66,180,246,283,44,17,147,84,1154,13100.2346869816,"11964.8057534809"
"rosste01","Terrence Ross",1e+07,481.1,"SF",25,"ORL",24,24,748,115,267,0.431,46,135,0.341,69,132,0.523,0.517,23,27,0.852,4,64,68,43,34,13,35,61,299,20785.6994387861,"24037.4349793944"
"rosste01","Terrence Ross",1e+07,864.1,"SF",25,"TOR",54,0,1207,211,479,0.441,96,256,0.375,115,223,0.516,0.541,41,50,0.82,14,124,138,45,53,20,33,82,559,11572.7346371948,"8409.98406244819"
"rosste01","Terrence Ross",1e+07,1345.2,"SF",25,"TOT",78,24,1955,326,746,0.437,142,391,0.363,184,355,0.518,0.532,64,77,0.831,18,188,206,88,87,33,68,143,858,7433.83883437407,"6123.55591523185"
"roziete01","Terry Rozier",1906440,894.9,"PG",22,"BOS",74,0,1263,151,411,0.367,57,179,0.318,94,232,0.405,0.437,51,66,0.773,40,187,227,131,46,11,47,69,410,2130.3385853168,"3206.81297620238"
"rubiori01","Ricky Rubio",13550000,2052,"PG",26,"MIN",75,75,2469,261,650,0.402,60,196,0.306,201,454,0.443,0.448,254,285,0.891,68,237,305,682,128,10,195,202,836,6603.31384015595,"8988.1023105474"
"russeda01","D'Angelo Russell",5332800,1586.7,"PG",20,"LAL",63,60,1811,351,867,0.405,135,384,0.352,216,483,0.447,0.483,147,188,0.782,31,190,221,303,87,16,176,130,984,3360.93779542447,"3990.53490076966"
"sabondo01","Domantas Sabonis",2440200,962.6,"PF",20,"OKC",81,66,1632,192,481,0.399,51,159,0.321,141,322,0.438,0.452,44,67,0.657,46,242,288,82,39,32,83,200,479,2535.00934967796,"3847.11403759188"
"scottmi01","Mike Scott",3333334,113.9,"PF",28,"ATL",18,0,195,17,59,0.288,4,27,0.148,13,32,0.406,0.322,7,8,0.875,10,27,37,17,4,3,8,12,45,29265.4433713784,"30825.0968376212"
"sefolth01","Thabo Sefolosha",3850000,1069.5,"SF",32,"ATL",62,42,1596,174,395,0.441,41,120,0.342,133,275,0.484,0.492,55,75,0.733,54,216,270,107,96,31,58,97,444,3599.81299672744,"9241.18545151123"
"shumpim01","Iman Shumpert",9662922,1021.1,"SG",26,"CLE",76,31,1937,201,489,0.411,94,261,0.36,107,228,0.469,0.507,71,90,0.789,39,179,218,109,62,27,78,150,567,9463.24747820977,"6925.54036411021"
"siakapa01","Pascal Siakam",1196040,563.5,"PF",22,"TOR",55,38,859,103,205,0.502,1,7,0.143,102,198,0.515,0.505,22,32,0.688,64,121,185,17,26,45,33,109,229,2122.51996450754,"5713.68798297178"
"singlky01","Kyle Singler",4837500,159.1,"SF",28,"OKC",32,2,385,34,83,0.41,7,37,0.189,27,46,0.587,0.452,13,17,0.765,8,40,48,9,7,5,11,29,88,30405.4054054054,"21593.3066819358"
"smartma01","Marcus Smart",3578880,1703,"SG",22,"BOS",79,24,2399,269,749,0.359,94,332,0.283,175,417,0.42,0.422,203,250,0.812,78,227,305,364,125,34,159,192,835,2101.51497357604,"4192.89159475349"
"smithis01","Ish Smith",6e+06,1671,"PG",28,"DET",81,32,1955,329,749,0.439,28,105,0.267,301,644,0.467,0.458,72,102,0.706,21,214,235,418,61,33,112,127,758,3590.66427289048,"7310.21708285042"
"snellto01","Tony Snell",2368327,1160.6,"SG",25,"MIL",80,80,2336,246,541,0.455,144,355,0.406,102,186,0.548,0.588,47,58,0.81,22,226,248,96,55,14,55,125,683,2040.6057211787,"4957.72393851805"
"teaguje01","Jeff Teague",8800000,2296.5,"PG",28,"IND",82,82,2657,402,909,0.442,90,252,0.357,312,657,0.475,0.492,360,415,0.867,33,297,330,639,100,32,216,165,1254,3831.91813629436,"7827.90286654018"
"templga01","Garrett Temple",8e+06,1066.8,"SG",30,"SAC",65,21,1728,183,432,0.424,82,220,0.373,101,212,0.476,0.519,58,74,0.784,32,152,184,168,84,28,78,141,506,7499.06261717285,"8082.96510109862"
"thomais02","Isaiah Thomas",6587132,2483,"PG",27,"BOS",76,76,2569,682,1473,0.463,245,646,0.379,437,827,0.528,0.546,590,649,0.909,43,162,205,448,70,13,210,167,2199,2652.89246878776,"10386.1598641411"
"thompkl01","Klay Thompson",16663575,2222,"SG",26,"GSW",78,78,2649,644,1376,0.468,268,647,0.414,376,729,0.516,0.565,186,218,0.853,49,236,285,160,66,40,128,139,1742,7499.35868586859,"7951.3130040654"
"thomptr01","Tristan Thompson",15330435,1679.5,"C",25,"CLE",78,78,2336,262,437,0.6,0,3,0,262,434,0.604,0.6,106,213,0.498,286,429,715,77,39,84,64,176,630,9127.97558797261,"7827.92098991401"
"tollian01","Anthony Tolliver",8e+06,851.9,"PF",31,"SAC",65,9,1477,155,351,0.442,90,230,0.391,65,121,0.537,0.57,61,82,0.744,51,186,237,77,34,20,56,109,461,9390.77356497241,"8057.01720045786"
"townska01","Karl-Anthony Towns",5960160,3349.4,"C",21,"MIN",82,82,3030,802,1480,0.542,101,275,0.367,701,1205,0.582,0.576,356,428,0.832,296,711,1007,220,56,103,212,241,2061,1779.4709500209,"3513.41233289857"
"turneev01","Evan Turner",16393443,1158.9,"SF",28,"POR",65,12,1658,235,552,0.426,31,118,0.263,204,434,0.47,0.454,85,103,0.825,36,211,247,205,53,24,100,121,586,14145.6924669946,"12049.335722756"
"turnemy01","Myles Turner",2463840,2180.8,"C",20,"IND",81,81,2541,444,869,0.511,40,115,0.348,404,754,0.536,0.534,245,303,0.809,139,450,589,106,74,172,105,262,1173,1129.78723404255,"2711.3253845359"
"valende01","Denzel Valentine",2092200,577.7,"SG",23,"CHI",57,0,976,102,288,0.354,73,208,0.351,29,80,0.363,0.481,14,18,0.778,11,140,151,63,30,7,49,86,291,3621.60290808378,"4262.06203493289"
"vonleno01","Noah Vonleh",2751360,827.9,"PF",21,"POR",74,41,1265,130,270,0.481,7,20,0.35,123,250,0.492,0.494,60,94,0.638,131,256,387,31,30,27,64,154,327,3323.29991544873,"4405.38558052906"
"waitedi01","Dion Waiters",2898000,1151.6,"SG",25,"MIA",46,43,1384,281,663,0.424,85,215,0.395,196,448,0.438,0.488,82,127,0.646,18,135,153,200,42,20,103,95,729,2516.4987843001,"12785.1819723736"
"walkeke02","Kemba Walker",1.2e+07,2592.6,"PG",26,"CHO",79,79,2739,643,1449,0.444,240,602,0.399,403,847,0.476,0.527,304,359,0.847,45,263,308,434,85,22,168,119,1830,4628.55820411942,"6985.4417348468"
"walljo01","John Wall",16957900,3110.7,"PG",26,"WAS",78,78,2836,647,1435,0.451,89,272,0.327,558,1163,0.48,0.482,422,527,0.801,59,267,326,831,157,49,322,151,1805,5451.47394477127,"8694.27738739561"
"warretj01","T.J. Warren",2128920,1524.3,"SF",23,"PHO",66,59,2048,403,814,0.495,26,98,0.265,377,716,0.527,0.511,119,154,0.773,125,214,339,75,76,39,57,175,951,1396.65420192875,"2547.45537092307"
"watsocj01","C.J. Watson",5e+06,544.8,"PG",32,"ORL",62,9,1012,96,248,0.387,32,105,0.305,64,143,0.448,0.452,57,66,0.864,16,73,89,114,43,2,47,84,281,9177.6798825257,"10093.111109423"
"westbru01","Russell Westbrook",26540100,4032.8,"PG",28,"OKC",81,81,2802,824,1941,0.425,200,583,0.343,624,1358,0.459,0.476,710,840,0.845,137,727,864,840,132,31,438,190,2558,6581.06030549494,"8696.60522625221"
"wiggian01","Andrew Wiggins",6006600,2235.1,"SF",21,"MIN",82,82,3048,709,1570,0.452,103,289,0.356,606,1281,0.473,0.484,412,542,0.76,102,226,328,189,82,30,187,183,1933,2687.39653706769,"4313.72568179332"
"willilo02","Lou Williams",7e+06,421,"SG",30,"HOU",23,0,591,102,264,0.386,41,129,0.318,61,135,0.452,0.464,98,113,0.867,12,58,70,56,15,9,40,25,343,16627.0783847981,"29274.7346714714"
"willilo02","Lou Williams",7e+06,1238.9,"SG",30,"LAL",58,1,1403,326,734,0.444,122,317,0.385,204,417,0.489,0.527,304,344,0.884,14,118,132,183,65,11,120,67,1078,5650.17354104447,"10469.4315251816"
"willilo02","Lou Williams",7e+06,1659.9,"SG",30,"TOT",81,1,1994,428,998,0.429,163,446,0.365,265,552,0.48,0.511,402,457,0.88,26,176,202,239,80,20,160,92,1421,4217.12151334418,"6973.77720999851"
"willima02","Marvin Williams",12250000,1639,"PF",30,"CHO",76,76,2295,297,704,0.422,124,354,0.35,173,350,0.494,0.51,131,150,0.873,89,411,500,106,58,53,60,134,849,7474.06955460647,"9502.60497546418"
"winslju01","Justise Winslow",2593440,409.8,"SF",20,"MIA",18,15,625,80,225,0.356,7,35,0.2,73,190,0.384,0.371,29,47,0.617,23,71,94,66,26,6,33,52,196,6328.55051244509,"17455.9880488236"
"wrighde01","Delon Wright",1577280,302.1,"PG",24,"TOR",27,0,446,49,116,0.422,10,30,0.333,39,86,0.453,0.466,42,55,0.764,16,32,48,57,27,11,25,31,150,5221.05263157895,"18137.3317068617"
"youngth01","Thaddeus Young",14153652,1678.6,"PF",28,"IND",74,74,2237,362,687,0.527,45,118,0.381,317,569,0.557,0.56,45,86,0.523,131,317,448,122,113,29,95,135,814,8431.81937328726,"8014.44074289998"
"zelleco01","Cody Zeller",5318313,1315.5,"C",24,"CHO",62,58,1725,253,443,0.571,0,1,0,253,442,0.572,0.571,133,196,0.679,135,270,405,99,62,58,65,189,639,4042.80729760547,"7704.81942366451"
"zubaciv01","Ivica Zubac",1034956,551.8,"C",19,"LAL",38,11,609,126,238,0.529,0,3,0,126,235,0.536,0.529,32,49,0.653,41,118,159,30,14,33,30,66,284,1875.59985501993,"10787.4807513814"
